1,黒沢ともよ,女,1
2,Lynn,女,1
3,東山奈央,女,1
4,小清水亜美,女,1
5,井上麻里奈,女,1
6,平川大輔,男,1
7,山口太郎,男,1
8,河西健吾,男,1
9,大塚明夫,男,1
10,勝生真沙子,女,1
11,宮本充,男,1
12,楠木ともり,女,1
13,河瀬茉希,女,1
14,鈴代紗弓,女,1
15,久保田梨沙,女,1
16,久保ユリカ,女,1
17,桑島法子,女,1
18,清川元夢,男,1
19,小林親弘,男,1
20,白石晴香,女,1
21,伊藤健太郎,男,1
22,大塚芳忠,男,1
23,中田譲治,男,1
24,津田健次郎,男,1
25,細谷佳正,男,1
26,乃村健次,男,1
27,菅生隆之,男,1
28,大原さやか,女,1
29,てらそままさき,男,1
30,能登麻美子,女,1
31,杉田智和,男,1
32,竹本英史,男,1
33,小西克幸,男,1
34,岡咲美保,女,1
35,豊口めぐみ,女,1
36,前野智昭,男,1
37,花守ゆみり,女,1
38,古川慎,男,1
39,千本木彩花,女,1
40,M・A・O,女,1
41,江口拓也,男,1
42,柳田淳一,男,1
43,山本兼平,男,1
44,石谷春貴,男,1
45,泊明日菜,女,1
46,斧アツシ,男,1
47,田中理恵,女,1
48,日高里菜,女,1
49,寺島拓篤,男,1
50,土師孝也,男,1
51,成田剣,男,2
52,山本格,男,2
53,木島隆一,男,2
54,熊田茜音,女,2
55,高梨謙吾,男,2
56,山寺宏一,男,2
57,上坂すみれ,男,2
58,佐藤せつじ,男,2
59,小山力也,男,2
60,冬馬由美,女,2
61,渡辺明乃,女,2
62,榎木淳弥,男,2
63,小林ゆう,男,2
64,島田敏,男,2
65,堂坂晃三,男,2
66,石川界人,男,2
67,櫻井孝宏,男,2
68,諏訪部順一,男,2
69,遠藤綾,女,2
70,三瓶由布子,女,2
71,鈴村健一,男,2
72,福原綾香,女,2
73,田村睦心,男,2
74,佐藤拓也,男,2
75,原紗友里,女,2
76,岩中睦樹,男,2
77,酒井広大,男,2
78,吉野裕行,男,2
79,木内太郎,男,2
80,潘めぐみ,女,2
81,梅原裕一郎,男,2
82,竹内絢子,女,2
83,渡辺優里奈,女,2
84,斉藤壮馬,男,2
85,羽多野渉,女,2
86,上村祐翔,男,2
87,小林裕介,男,2
88,井上和彦,男,2
89,浪川大輔,男,2
90,水樹奈々,女,2
91,釘宮理恵,女,2
92,松岡禎丞,男,2
93,東地宏樹,男,2
94,堀井茶渡,男,2
95,青木瑠璃子,女,2
96,八代拓,男,2
97,山谷祥生,男,2
98,牛山茂,男,2
99,千葉翔也,男,2
100,金月真美,女,2
101,白井悠介,男,3
102,梶原岳人,男,3
103,島﨑信長,男,3
104,優木かな,女,3
105,福山潤,男,3
106,室 元気,男,3
107,村瀬歩,男,3
108,日野 聡,男,3
109,安野希世乃,女,3
110,松田健一郎,男,3
111,高橋未奈美,女,3
112,小野大輔,男,3
113,西 明日香,女,3
114,森川智之,男,3
115,鳥海浩輔,男,3
116,中尾一貴,男,3
117,久保田未夢,女,3
118,逢坂良太,男,3
119,仲村宗悟,男,3
120,内田雄馬,男,3
121,神原大地,男,3
122,永野由祐,男,3
123,土岐隼一,男,3
124,堀江瞬,男,3
125,高塚智人,男,3
126,菊池勇成,男,3
127,熊谷健太郎,男,3
128,濱健人,男,3
129,増元拓也,男,3
130,バレッタ裕,男,3
131,山下大輝,男,3
132,中田祐矢,男,3
133,野上翔,男,3
134,永塚拓馬,男,3
135,渡辺紘,男,3
136,益山武明,男,3
137,深町寿成,男,3
138,狩野翔,男,3
139,天崎滉平,男,3
140,児玉卓也,男,3
141,小林大紀,男,3
142,矢野奨吾,男,3
143,古畑恵介,男,3
144,伊東健人,男,3
145,中島ヨシキ,男,3
146,寺島惇太,男,3
147,小松昌平,男,3
148,濱野大輝,男,3
149,徳武竜也,男,3
150,浦尾岳大,男,3
151,笠間淳,男,4
152,汐谷文康,男,4
153,駒田航,男,4
154,立木文彦,男,4
155,花江夏樹,男,4
156,藤原夏海,男,4
157,佐倉綾音,男,4
158,雨宮天,男,4
159,宮野真守,男,4
160,岸尾だいすけ,男,4
161,三森すずこ,女,4
162,阿部敦,男,4
163,森久保祥太郎,男,4
164,小野友樹,男,4
165,加藤英美里,女,4
166,杉山里穂,女,4
167,阿澄佳奈,女,4
168,大本眞基子,女,4
169,藤田咲,女,4
170,小林沙苗,女,4
171,山口由里子,女,4
172,喜多村英梨,女,4
173,荒浪和沙,女,4
174,下田麻美,女,4
175,藤井ゆきよ,女,4
176,ゆりん,女,4
177,大塚剛央,男,4
178,豊永利行,男,4
179,内山昂輝,男,4
180,入野自由,男,4
181,興津和幸,男,4
182,株元英彰,男,4
183,北沢力,男,4
184,星野貴紀,男,4
185,木村珠莉,女,4
186,中村浩太郎,男,4
187,日野聡,男,4
188,西山宏太朗,男,4
189,石田彰,男,4
190,青柳尊哉,男,4
191,沢城千春,女,4
192,前田玲奈,女,4
193,宮内敦士,男,4
194,大塚明夫,男,4
195,津嘉山正種,男,4
196,萩原聖人,男,4
197,川平慈英,女,4
198,畠中祐,男,4
199,近藤玲奈,女,4
200,小倉唯,女,5
201,赤﨑千夏,女,5
202,永恵由彩,女,5
203,中島優衣,女,5
204,真野あゆみ,女,5
205,勝間田啓吾,男,5
206,章翔サリナ,女,5
207,高橋花林,女,5
208,立花理香,女,5
209,井上ほの花,女,5
210,すずきももこ,女,5
211,米野真織,男,5
212,神坂和,男,5
213,小野賢章,男,5
214,茜屋日海夏,女,5
215,佐々木啓夫,男,5
216,本渡楓,女,5
217,山本和臣,男,5
218,稲葉実,男,5
219,瀬戸麻沙美,女,5
220,種崎敦美,女,5
221,内田真礼,女,5
222,水瀬いのり,女,5
223,茜屋日海夏,女,5
224,佐藤聡美,女,5
225,大西沙織,女,5
226,安田陸矢,男,5
227,久野美咲,女,5
228,加隈亜衣,女,5
229,赤崎千夏,女,5
230,悠木碧,女,5
231,井上喜久子,女,5
232,上田麗奈,女,5
233,喜山茂雄,男,5
234,新垣樽助,男,5
235,利根健太朗,男,5
236,緒方恵美,女,5
