1,1,玉村仁,監督,,,,
1,2,アベユーイチ,シリーズディレクター,,,,
1,3,安川省吾,シリーズ構成・脚本,,,,
1,4,山本弘,SF設定,,,,
1,5,原田大輝,キャラクターデザイン,,,,
1,6,山本啓介,総作画監督,,,,
1,7,ヒラタリョウ,イコライザーデザイン,,,,
1,8,森木泰孝,クラッターデザイン,,,,
1,9,今石進,プロップデザイン,,,,
1,10,のぼりはるこ,色彩設定,,,,
1,11,源田良一,イメージボード,,,,
1,12,平沢進,美術監督,,,,
1,13,佐藤健,美術設定,,,,
1,14,長谷川舞,美術,,,,
1,15,森下寛人,３DCG,,,,
1,16,伊藤勝,撮影監督,,,,
1,17,高瀬憲仁,撮影,,,,
1,18,渡辺浩二,編集,,,,
1,19,川島結城,音響監督,,,,
1,20,川瀬裕太,サブキャラクターデザイン,,,,
1,21,尾崎聡,準監督,,,,
1,22,田島優,CGキャラクターデザイン,,,,
2,23,野田サトル,監督,,,,
2,24,難波日登志,シリーズディレクター,,,,
2,25,川越崇弘,シリーズ構成・脚本,,,,
2,26,高木登,SF設定,,,,
2,27,大貫健一,キャラクターデザイン,,,,
2,28,羽山淳一,総作画監督,,,,
2,29,渡辺浩二,イコライザーデザイン,,,,
2,30,浅沼信也,クラッターデザイン,,,,
2,31,墨佳遼,プロップデザイン,,,,
2,32,美森川篤,色彩設定,,,,
2,33,茂木孝浩,イメージボード,,,,
2,34,戸澤雄一郎,美術監督,,,,
3,35,菊地康仁,監督,,,,
3,36,中山敦史,シリーズディレクター,,,,
3,37,筆安一幸,シリーズ構成・脚本,,,,
3,38,江畑諒真,SF設定,,,,
3,39,岸田隆宏,キャラクターデザイン,,,,
4,40,鹿住朗生,監督,,,,
4,41,尾崎悟史,シリーズディレクター,,,,
4,42,勅使河原一馬,シリーズ構成・脚本,,,,
4,43,佐藤宏美,SF設定,,,,
5,44,博史池畠,監督,,,,
5,45,佐藤裕,シリーズ構成・脚本,,,,
5,46,横山愛,キャラクターデザイン,,,,
6,47,加藤敏幸,監督,,,,
6,48,冨岡淳広,シリーズ構成,,,,
6,49,渡辺はじめ,キャラクターデザイン,,,,
6,50,松尾早人,音楽,,,,
6,51,岩浪美和,音楽監督,,,,
7,52,わたなべひろし,監督,,,,
7,53,高山カツヒコ,シリーズ構成,,,,
7,54,千葉道徳,キャラクターデザイン,,,,
7,55,高橋武之,美術設定,,,,
7,56,三宅昌和,美術監督,,,,
7,57,桂木今里,色彩設定,,,,
7,58,川口正幸,撮影監督,,,,
7,59,小池祐樹,編集,,,,
7,60,堀田星司,音楽,,,,
7,61,ハマノカズゾウ,音響監督,,,,
7,62,白石唯果,音響効果,,,,
7,63,小笠原頌,録音調整,,,,
7,64,吉沢咲,録音助手,,,,
7,65,稲葉順一,音響制作担当,,,,
8,66,吉原達也,監督,,,,
8,67,筆安一幸,シリーズ構成,,,,
8,68,竹田逸子,キャラクターデザイン,,,,
8,69,徳永久美子,サブキャラクターデザイン,,,,
8,70,髙橋恒星,プロップデザイン,,,,
8,71,篠原愛子,色彩設定,,,,
8,72,関美奈子,音楽,,,,
9,73,スメラギ,監督・シリーズ構成,,,,
9,74,まんきゅう,キャラクターデザイン原案,,,,
9,75,玉戸さお,キャラクターデザイン,,,,
9,76,横田和彦,総作画監督,,,,
9,77,越智博之,美術設定,,,,
9,78,楠元祐也,美術監督,,,,
9,79,のぼりはるこ,色彩設定,,,,
9,80,田中浩介,撮影監督,,,,
9,81,EFFY,音楽,,,,
9,82,ランティス,音響制作,,,,
9,83,徳田俊,音響監督,,,,
10,84,渡部穏寛,監督,,,,
10,85,御笠ノ忠次,脚本・シリーズ構成,,,,
10,86,中嶋敦子,キャラクターデザイン,,,,
10,87,烏宏明,サブキャラクターデザイン,,,,
10,88,原口昇,音響制作,,,,
10,89,やまだ豊,音楽,,,,
11,90,ひらさわひさよし,総監督,,,,
11,91,柴田匠,チーフ演出,,,,
11,92,伊集院いづろ,キャラクターデザイン,,,,
11,93,青山央和,美術監督,,,,
11,94,入江千尋,色彩設定,,,,
11,95,林幸司,撮影監督,,,,
11,96,櫻井崇,編集,,,,
11,97,ひらさわひさよし,音響制作,,,,
12,98,小野勝巳,監督,,,,
12,99,吉田伸,シリーズ構成・脚本,,,,
12,100,いとうまりこ,キャラクターデザイン,,,,
12,101,クラムボム,BGM,,,,
13,102,元永慶太郎,監督,,,,
13,103,柿原優子,シリーズ構成,,,,
13,104,大塚真一郎,キャラクター原案,,,,
13,105,奥田陽介,アニメｰションキャラクターデザイン,,,,
14,106,野村和也,監督,,,,
14,107,喜安浩平,シリーズ構成,,,,
14,108,千葉崇洋,キャラクターデザイン,,,,
14,109,菊田浩巳,音響監督,,,,
14,110,林ゆうき,音楽,,,,
15,111,川口敬一郎,監督,,,,
15,112,広田光毅,シリーズ構成,,,,
15,113,髙田晴仁,キャラクターデザイン・総作画監督,,,,
15,114,大野春恵,色彩設定,,,,
15,115,塚常真理子,編集,,,,
15,116,小泉紀介,音響監督,,,,
15,117,山田高弘,音楽,,,,
16,118,古川博之,監督・キャラクターデザイン,,,,
16,119,百瀬祐一郎,シリーズ構成,,,,
16,120,三宅昌和,美術監督,,,,
16,121,柳澤久美子,色彩設定,,,,
16,122,小泉紀介,音響監督,,,,
16,123,やしきん,音楽,,,,
16,124,MAGES.,音響制作,,,,
17,125,濁川敦,監督,,,,
17,126,山田隆司,シリーズ構成,,,,
17,127,植田和幸,原作キャラクターデザイン,,,,
17,128,山本周平,アニメｰションキャラクターデザイン,,,,
17,129,メカニックデザイン,いしはらいくろう,,,,
18,130,佐藤卓哉,監督,,,,
18,131,安倍吉俊,キャラクター原案,,,,
18,132,古怒田健志,シリーズ構成,,,,
18,133,渡辺浩二,アニメｰションキャラクターデザイン,,,,
18,134,祝浩司,副監督,,,,
18,135,コレサワシゲユキ,デザインワークス・世界観設定,,,,
18,136,春日美波,美術監督,,,,
18,137,佐藤直子,色彩設定,,,,
18,138,松井伸哉,撮影監督,,,,
18,139,濱村敏郎,３Dディレクター,,,,
18,140,後藤正浩,編集,,,,
18,141,井内舞子,音楽,,,,
18,142,KADOKAWA,音楽制作,,,,
18,143,長崎行男,音響効果,,,,
18,144,小山恭正,音響制作,,,,
19,145,増井壮一,監督,,,,
19,146,横谷昌宏,シリーズ構成,,,,
19,147,田村里美,キャラクターデザイン,,,,
19,148,田村里,総作画監督,,,,
19,149,いわたかずや,助監督,,,,
19,150,髙田 晃,プロップデザイン,,,,
19,151,藤井一志,美術設定,,,,
19,152,渋谷幸弘,美術監督,,,,
19,153,横田明日香,色彩設定,,,,
19,154,野間裕介,３D監督,,,,
19,155,関谷能弘,撮影監督,,,,
19,156,内海紗耶,２Dワークス,,,,
19,157,三嶋章紀,編集,,,,
19,158,岩浪美和,音響監督,,,,
20,159,和ト湊,監督,,,,
20,160,冨田頼子,シリーズ構成・脚本,,,,
20,161,住本悦子,キャラクターデザイン,,,,
20,162,分島花音,音楽,,,,
20,163,本山哲,音響監督,,,,
21,164,櫻木優平,監督,,,,
21,165,カワイヒデヒロ,音楽,,,,
21,166,本田雄,キャラクター原案,,,,
21,167,入川慶也,副監督,,,,
21,168,古川厚,CGディレクター,,,,
21,169,坂上裕文,美術監督,,,,
21,170,新井帆海,美術監督補佐,,,,
21,171,宮岡将志,モデリングディレクター,,,,
21,172,小林丸,アニメｰションディレクター,,,,
21,173,野村達哉,撮影監督,,,,
21,174,月島総記,脚本,,,,
22,175,鈴木洋平,監督,,,,
22,176,玉井☆豪,シリーズ構成,,,,
22,177,斎藤良成,キャラクター,,,,
22,178,小野田将人,サブデザイン,,,,
22,179,内藤健,美術監督,,,,
22,180,溝江詩帆,色彩設定,,,,
22,181,近藤勇二,編集,,,,
22,182,岩浪美和,音響監督,,,,
22,183,マジックカプセル,音響制作,,,,
22,184,椎名豪,音楽,,,,
22,185,ランティス,音楽制作,,,,
22,186,ジェンコ,プロデュース,,,,
22,187,J.C.STAFF,アニメｰション制作,,,,
